model,mean,std,min,max
MLP_base,0.7043487651428622,0.08518430531001049,0.5881072724488071,0.8621008476391252
MLP_ext,0.6617349098083247,0.057779659977004474,0.5571168865460738,0.7444847532726088
RF,0.7466265309933646,0.09624262585162385,0.6263468233719897,0.8882306989797618
