model,mean,std,min,max
MLP_base,0.6759972171111324,0.06855304132308114,0.5685039533009627,0.8621008476391252
MLP_ext,0.6483867981282586,0.054641699827655925,0.5571168865460738,0.7830669294170064
RF,0.7049466222206029,0.08473835042318058,0.5189604712974099,0.8882306989797618
