Descriptor,ΔRMSE
LogP,1.9467344480546604
BertzCT,0.2503289343149789
MolWt,0.1329584095881705
TPSA,0.1052678281453602
HBA,0.0252205462496447
AroProp,0.0191105793354532
RotB,0.0083747024904981
