Feature_removed,RMSE with all features,R² with all features,RMSE without feature,R² without feature,Delta RMSE,Delta R²
HBA,0.6165670987429788,0.9126992136801443,0.6250665389610685,0.9102757235443046,0.008499440218089682,-0.0024234901358396455
RingCount,0.6165670987429788,0.9126992136801443,0.6209016145853149,0.9114674361281173,0.0043345158423361285,-0.0012317775520269691
HBD,0.6165670987429788,0.9126992136801443,0.6208261829965326,0.9114889459652317,0.004259084253553813,-0.0012102677149126162
FractionCSP3,0.6165670987429788,0.9126992136801443,0.6206751946306509,0.91153199348694,0.004108095887672136,-0.0011672201932042547
BertzCT,0.6165670987429788,0.9126992136801443,0.6322450022756391,0.9082030454836416,0.015677903532660298,-0.00449616819650267
HeavyAtomCount,0.6165670987429788,0.9126992136801443,0.6180448184308194,0.912280246515914,0.0014777196878406063,-0.00041896716423028835
