descriptor,residual_corr
LogP,-0.11139055520433121
BertzCT,-0.09259142822391847
MolWt,-0.06780842854460907
