descriptor,perm_importance,perm_importance_std
LogP,1.9467344480546607,0.0956114818478705
BertzCT,0.25032893431497916,0.025660472683272414
MolWt,0.1329584095881708,0.011559649792494754
TPSA,0.10526782814536051,0.01697682069498391
HBA,0.025220546249644964,0.00479463792342862
AroProp,0.01911057933545344,0.007533095731265909
RotB,0.008374702490498459,0.00466441563685418
