SMILES,MolWt,BertzCT,logP,exp_logS,pred_logS,residual,abs_error
O=C1c2ccccc2C(=O)c3ccccc13,208.216,506.13733595521376,2.4620000000000006,-5.19,-2.8520689285714287,-2.3379310714285717,2.3379310714285717
