model,train,test,mean_rmse,std_rmse,n
MLP,AqSolDB,AqSolDB,1.081510272026062,0.03471522596942351,25
MLP,AqSolDB,ESOL,0.6609923648834228,0.055130580274620165,25
MLP,ESOL,AqSolDB,1.7727316188812257,0.2626518862998454,25
MLP,ESOL,ESOL,0.6621048498153687,0.057018592657436466,25
RF,AqSolDB,AqSolDB,1.0990398769769205,0.038274195623928385,25
RF,AqSolDB,ESOL,0.44161977579812445,0.0535067667459875,25
RF,ESOL,AqSolDB,1.227335327118176,0.037983291730275884,25
RF,ESOL,ESOL,0.7049466222206029,0.08473835042318054,25
